
{"items":[{"name":"Introduction","href":"introduction.html","topicHref":"introduction.html"},{"name":"Getting Started","href":"getting-started.html","topicHref":"getting-started.html"},{"name":"Version 1"},{"name":"Overview","href":"v1/overview.html","topicHref":"v1/overview.html"},{"name":"Authentication & Authorization"},{"name":"Initial Auth Implementation","href":"v1/auth/authentication-authorization.html","topicHref":"v1/auth/authentication-authorization.html"},{"name":"LDAP & Identity Integration","href":"v1/auth/ldap-integration.html","topicHref":"v1/auth/ldap-integration.html"}],"pdf":true}
