
{"items":[{"name":"Model_Designer","href":"Model_Designer.html","topicHref":"Model_Designer.html","topicUid":"Model_Designer","type":"Namespace","items":[{"name":"ModelContainer","href":"Model_Designer.ModelContainer.html","topicHref":"Model_Designer.ModelContainer.html","topicUid":"Model_Designer.ModelContainer","type":"Class"},{"name":"SW_roles","href":"Model_Designer.SW_roles.html","topicHref":"Model_Designer.SW_roles.html","topicUid":"Model_Designer.SW_roles","type":"Class"},{"name":"SW_users","href":"Model_Designer.SW_users.html","topicHref":"Model_Designer.SW_users.html","topicUid":"Model_Designer.SW_users","type":"Class"}]},{"name":"SWIMS.Areas.Identity.Pages.Account","href":"SWIMS.Areas.Identity.Pages.Account.html","topicHref":"SWIMS.Areas.Identity.Pages.Account.html","topicUid":"SWIMS.Areas.Identity.Pages.Account","type":"Namespace","items":[{"name":"AccessDeniedModel","href":"SWIMS.Areas.Identity.Pages.Account.AccessDeniedModel.html","topicHref":"SWIMS.Areas.Identity.Pages.Account.AccessDeniedModel.html","topicUid":"SWIMS.Areas.Identity.Pages.Account.AccessDeniedModel","type":"Class"},{"name":"ConfirmEmailChangeModel","href":"SWIMS.Areas.Identity.Pages.Account.ConfirmEmailChangeModel.html","topicHref":"SWIMS.Areas.Identity.Pages.Account.ConfirmEmailChangeModel.html","topicUid":"SWIMS.Areas.Identity.Pages.Account.ConfirmEmailChangeModel","type":"Class"},{"name":"ConfirmEmailModel","href":"SWIMS.Areas.Identity.Pages.Account.ConfirmEmailModel.html","topicHref":"SWIMS.Areas.Identity.Pages.Account.ConfirmEmailModel.html","topicUid":"SWIMS.Areas.Identity.Pages.Account.ConfirmEmailModel","type":"Class"},{"name":"ExternalLoginModel","href":"SWIMS.Areas.Identity.Pages.Account.ExternalLoginModel.html","topicHref":"SWIMS.Areas.Identity.Pages.Account.ExternalLoginModel.html","topicUid":"SWIMS.Areas.Identity.Pages.Account.ExternalLoginModel","type":"Class"},{"name":"ExternalLoginModel.InputModel","href":"SWIMS.Areas.Identity.Pages.Account.ExternalLoginModel.InputModel.html","topicHref":"SWIMS.Areas.Identity.Pages.Account.ExternalLoginModel.InputModel.html","topicUid":"SWIMS.Areas.Identity.Pages.Account.ExternalLoginModel.InputModel","type":"Class"},{"name":"ForgotPasswordConfirmation","href":"SWIMS.Areas.Identity.Pages.Account.ForgotPasswordConfirmation.html","topicHref":"SWIMS.Areas.Identity.Pages.Account.ForgotPasswordConfirmation.html","topicUid":"SWIMS.Areas.Identity.Pages.Account.ForgotPasswordConfirmation","type":"Class"},{"name":"ForgotPasswordModel","href":"SWIMS.Areas.Identity.Pages.Account.ForgotPasswordModel.html","topicHref":"SWIMS.Areas.Identity.Pages.Account.ForgotPasswordModel.html","topicUid":"SWIMS.Areas.Identity.Pages.Account.ForgotPasswordModel","type":"Class"},{"name":"ForgotPasswordModel.InputModel","href":"SWIMS.Areas.Identity.Pages.Account.ForgotPasswordModel.InputModel.html","topicHref":"SWIMS.Areas.Identity.Pages.Account.ForgotPasswordModel.InputModel.html","topicUid":"SWIMS.Areas.Identity.Pages.Account.ForgotPasswordModel.InputModel","type":"Class"},{"name":"LockoutModel","href":"SWIMS.Areas.Identity.Pages.Account.LockoutModel.html","topicHref":"SWIMS.Areas.Identity.Pages.Account.LockoutModel.html","topicUid":"SWIMS.Areas.Identity.Pages.Account.LockoutModel","type":"Class"},{"name":"LoginModel","href":"SWIMS.Areas.Identity.Pages.Account.LoginModel.html","topicHref":"SWIMS.Areas.Identity.Pages.Account.LoginModel.html","topicUid":"SWIMS.Areas.Identity.Pages.Account.LoginModel","type":"Class"},{"name":"LoginModel.InputModel","href":"SWIMS.Areas.Identity.Pages.Account.LoginModel.InputModel.html","topicHref":"SWIMS.Areas.Identity.Pages.Account.LoginModel.InputModel.html","topicUid":"SWIMS.Areas.Identity.Pages.Account.LoginModel.InputModel","type":"Class"},{"name":"LoginWith2faModel","href":"SWIMS.Areas.Identity.Pages.Account.LoginWith2faModel.html","topicHref":"SWIMS.Areas.Identity.Pages.Account.LoginWith2faModel.html","topicUid":"SWIMS.Areas.Identity.Pages.Account.LoginWith2faModel","type":"Class"},{"name":"LoginWith2faModel.InputModel","href":"SWIMS.Areas.Identity.Pages.Account.LoginWith2faModel.InputModel.html","topicHref":"SWIMS.Areas.Identity.Pages.Account.LoginWith2faModel.InputModel.html","topicUid":"SWIMS.Areas.Identity.Pages.Account.LoginWith2faModel.InputModel","type":"Class"},{"name":"LoginWithRecoveryCodeModel","href":"SWIMS.Areas.Identity.Pages.Account.LoginWithRecoveryCodeModel.html","topicHref":"SWIMS.Areas.Identity.Pages.Account.LoginWithRecoveryCodeModel.html","topicUid":"SWIMS.Areas.Identity.Pages.Account.LoginWithRecoveryCodeModel","type":"Class"},{"name":"LoginWithRecoveryCodeModel.InputModel","href":"SWIMS.Areas.Identity.Pages.Account.LoginWithRecoveryCodeModel.InputModel.html","topicHref":"SWIMS.Areas.Identity.Pages.Account.LoginWithRecoveryCodeModel.InputModel.html","topicUid":"SWIMS.Areas.Identity.Pages.Account.LoginWithRecoveryCodeModel.InputModel","type":"Class"},{"name":"LogoutModel","href":"SWIMS.Areas.Identity.Pages.Account.LogoutModel.html","topicHref":"SWIMS.Areas.Identity.Pages.Account.LogoutModel.html","topicUid":"SWIMS.Areas.Identity.Pages.Account.LogoutModel","type":"Class"},{"name":"RegisterConfirmationModel","href":"SWIMS.Areas.Identity.Pages.Account.RegisterConfirmationModel.html","topicHref":"SWIMS.Areas.Identity.Pages.Account.RegisterConfirmationModel.html","topicUid":"SWIMS.Areas.Identity.Pages.Account.RegisterConfirmationModel","type":"Class"},{"name":"RegisterModel","href":"SWIMS.Areas.Identity.Pages.Account.RegisterModel.html","topicHref":"SWIMS.Areas.Identity.Pages.Account.RegisterModel.html","topicUid":"SWIMS.Areas.Identity.Pages.Account.RegisterModel","type":"Class"},{"name":"RegisterModel.InputModel","href":"SWIMS.Areas.Identity.Pages.Account.RegisterModel.InputModel.html","topicHref":"SWIMS.Areas.Identity.Pages.Account.RegisterModel.InputModel.html","topicUid":"SWIMS.Areas.Identity.Pages.Account.RegisterModel.InputModel","type":"Class"},{"name":"ResendEmailConfirmationModel","href":"SWIMS.Areas.Identity.Pages.Account.ResendEmailConfirmationModel.html","topicHref":"SWIMS.Areas.Identity.Pages.Account.ResendEmailConfirmationModel.html","topicUid":"SWIMS.Areas.Identity.Pages.Account.ResendEmailConfirmationModel","type":"Class"},{"name":"ResendEmailConfirmationModel.InputModel","href":"SWIMS.Areas.Identity.Pages.Account.ResendEmailConfirmationModel.InputModel.html","topicHref":"SWIMS.Areas.Identity.Pages.Account.ResendEmailConfirmationModel.InputModel.html","topicUid":"SWIMS.Areas.Identity.Pages.Account.ResendEmailConfirmationModel.InputModel","type":"Class"},{"name":"ResetPasswordConfirmationModel","href":"SWIMS.Areas.Identity.Pages.Account.ResetPasswordConfirmationModel.html","topicHref":"SWIMS.Areas.Identity.Pages.Account.ResetPasswordConfirmationModel.html","topicUid":"SWIMS.Areas.Identity.Pages.Account.ResetPasswordConfirmationModel","type":"Class"},{"name":"ResetPasswordModel","href":"SWIMS.Areas.Identity.Pages.Account.ResetPasswordModel.html","topicHref":"SWIMS.Areas.Identity.Pages.Account.ResetPasswordModel.html","topicUid":"SWIMS.Areas.Identity.Pages.Account.ResetPasswordModel","type":"Class"},{"name":"ResetPasswordModel.InputModel","href":"SWIMS.Areas.Identity.Pages.Account.ResetPasswordModel.InputModel.html","topicHref":"SWIMS.Areas.Identity.Pages.Account.ResetPasswordModel.InputModel.html","topicUid":"SWIMS.Areas.Identity.Pages.Account.ResetPasswordModel.InputModel","type":"Class"}]},{"name":"SWIMS.Areas.Identity.Pages.Account.Manage","href":"SWIMS.Areas.Identity.Pages.Account.Manage.html","topicHref":"SWIMS.Areas.Identity.Pages.Account.Manage.html","topicUid":"SWIMS.Areas.Identity.Pages.Account.Manage","type":"Namespace","items":[{"name":"ChangePasswordModel","href":"SWIMS.Areas.Identity.Pages.Account.Manage.ChangePasswordModel.html","topicHref":"SWIMS.Areas.Identity.Pages.Account.Manage.ChangePasswordModel.html","topicUid":"SWIMS.Areas.Identity.Pages.Account.Manage.ChangePasswordModel","type":"Class"},{"name":"ChangePasswordModel.InputModel","href":"SWIMS.Areas.Identity.Pages.Account.Manage.ChangePasswordModel.InputModel.html","topicHref":"SWIMS.Areas.Identity.Pages.Account.Manage.ChangePasswordModel.InputModel.html","topicUid":"SWIMS.Areas.Identity.Pages.Account.Manage.ChangePasswordModel.InputModel","type":"Class"},{"name":"DeletePersonalDataModel","href":"SWIMS.Areas.Identity.Pages.Account.Manage.DeletePersonalDataModel.html","topicHref":"SWIMS.Areas.Identity.Pages.Account.Manage.DeletePersonalDataModel.html","topicUid":"SWIMS.Areas.Identity.Pages.Account.Manage.DeletePersonalDataModel","type":"Class"},{"name":"DeletePersonalDataModel.InputModel","href":"SWIMS.Areas.Identity.Pages.Account.Manage.DeletePersonalDataModel.InputModel.html","topicHref":"SWIMS.Areas.Identity.Pages.Account.Manage.DeletePersonalDataModel.InputModel.html","topicUid":"SWIMS.Areas.Identity.Pages.Account.Manage.DeletePersonalDataModel.InputModel","type":"Class"},{"name":"Disable2faModel","href":"SWIMS.Areas.Identity.Pages.Account.Manage.Disable2faModel.html","topicHref":"SWIMS.Areas.Identity.Pages.Account.Manage.Disable2faModel.html","topicUid":"SWIMS.Areas.Identity.Pages.Account.Manage.Disable2faModel","type":"Class"},{"name":"DownloadPersonalDataModel","href":"SWIMS.Areas.Identity.Pages.Account.Manage.DownloadPersonalDataModel.html","topicHref":"SWIMS.Areas.Identity.Pages.Account.Manage.DownloadPersonalDataModel.html","topicUid":"SWIMS.Areas.Identity.Pages.Account.Manage.DownloadPersonalDataModel","type":"Class"},{"name":"EmailModel","href":"SWIMS.Areas.Identity.Pages.Account.Manage.EmailModel.html","topicHref":"SWIMS.Areas.Identity.Pages.Account.Manage.EmailModel.html","topicUid":"SWIMS.Areas.Identity.Pages.Account.Manage.EmailModel","type":"Class"},{"name":"EmailModel.InputModel","href":"SWIMS.Areas.Identity.Pages.Account.Manage.EmailModel.InputModel.html","topicHref":"SWIMS.Areas.Identity.Pages.Account.Manage.EmailModel.InputModel.html","topicUid":"SWIMS.Areas.Identity.Pages.Account.Manage.EmailModel.InputModel","type":"Class"},{"name":"EnableAuthenticatorModel","href":"SWIMS.Areas.Identity.Pages.Account.Manage.EnableAuthenticatorModel.html","topicHref":"SWIMS.Areas.Identity.Pages.Account.Manage.EnableAuthenticatorModel.html","topicUid":"SWIMS.Areas.Identity.Pages.Account.Manage.EnableAuthenticatorModel","type":"Class"},{"name":"EnableAuthenticatorModel.InputModel","href":"SWIMS.Areas.Identity.Pages.Account.Manage.EnableAuthenticatorModel.InputModel.html","topicHref":"SWIMS.Areas.Identity.Pages.Account.Manage.EnableAuthenticatorModel.InputModel.html","topicUid":"SWIMS.Areas.Identity.Pages.Account.Manage.EnableAuthenticatorModel.InputModel","type":"Class"},{"name":"ExternalLoginsModel","href":"SWIMS.Areas.Identity.Pages.Account.Manage.ExternalLoginsModel.html","topicHref":"SWIMS.Areas.Identity.Pages.Account.Manage.ExternalLoginsModel.html","topicUid":"SWIMS.Areas.Identity.Pages.Account.Manage.ExternalLoginsModel","type":"Class"},{"name":"GenerateRecoveryCodesModel","href":"SWIMS.Areas.Identity.Pages.Account.Manage.GenerateRecoveryCodesModel.html","topicHref":"SWIMS.Areas.Identity.Pages.Account.Manage.GenerateRecoveryCodesModel.html","topicUid":"SWIMS.Areas.Identity.Pages.Account.Manage.GenerateRecoveryCodesModel","type":"Class"},{"name":"IndexModel","href":"SWIMS.Areas.Identity.Pages.Account.Manage.IndexModel.html","topicHref":"SWIMS.Areas.Identity.Pages.Account.Manage.IndexModel.html","topicUid":"SWIMS.Areas.Identity.Pages.Account.Manage.IndexModel","type":"Class"},{"name":"IndexModel.InputModel","href":"SWIMS.Areas.Identity.Pages.Account.Manage.IndexModel.InputModel.html","topicHref":"SWIMS.Areas.Identity.Pages.Account.Manage.IndexModel.InputModel.html","topicUid":"SWIMS.Areas.Identity.Pages.Account.Manage.IndexModel.InputModel","type":"Class"},{"name":"ManageNavPages","href":"SWIMS.Areas.Identity.Pages.Account.Manage.ManageNavPages.html","topicHref":"SWIMS.Areas.Identity.Pages.Account.Manage.ManageNavPages.html","topicUid":"SWIMS.Areas.Identity.Pages.Account.Manage.ManageNavPages","type":"Class"},{"name":"PersonalDataModel","href":"SWIMS.Areas.Identity.Pages.Account.Manage.PersonalDataModel.html","topicHref":"SWIMS.Areas.Identity.Pages.Account.Manage.PersonalDataModel.html","topicUid":"SWIMS.Areas.Identity.Pages.Account.Manage.PersonalDataModel","type":"Class"},{"name":"ResetAuthenticatorModel","href":"SWIMS.Areas.Identity.Pages.Account.Manage.ResetAuthenticatorModel.html","topicHref":"SWIMS.Areas.Identity.Pages.Account.Manage.ResetAuthenticatorModel.html","topicUid":"SWIMS.Areas.Identity.Pages.Account.Manage.ResetAuthenticatorModel","type":"Class"},{"name":"SetPasswordModel","href":"SWIMS.Areas.Identity.Pages.Account.Manage.SetPasswordModel.html","topicHref":"SWIMS.Areas.Identity.Pages.Account.Manage.SetPasswordModel.html","topicUid":"SWIMS.Areas.Identity.Pages.Account.Manage.SetPasswordModel","type":"Class"},{"name":"SetPasswordModel.InputModel","href":"SWIMS.Areas.Identity.Pages.Account.Manage.SetPasswordModel.InputModel.html","topicHref":"SWIMS.Areas.Identity.Pages.Account.Manage.SetPasswordModel.InputModel.html","topicUid":"SWIMS.Areas.Identity.Pages.Account.Manage.SetPasswordModel.InputModel","type":"Class"},{"name":"ShowRecoveryCodesModel","href":"SWIMS.Areas.Identity.Pages.Account.Manage.ShowRecoveryCodesModel.html","topicHref":"SWIMS.Areas.Identity.Pages.Account.Manage.ShowRecoveryCodesModel.html","topicUid":"SWIMS.Areas.Identity.Pages.Account.Manage.ShowRecoveryCodesModel","type":"Class"},{"name":"TwoFactorAuthenticationModel","href":"SWIMS.Areas.Identity.Pages.Account.Manage.TwoFactorAuthenticationModel.html","topicHref":"SWIMS.Areas.Identity.Pages.Account.Manage.TwoFactorAuthenticationModel.html","topicUid":"SWIMS.Areas.Identity.Pages.Account.Manage.TwoFactorAuthenticationModel","type":"Class"}]},{"name":"SWIMS.Controllers","href":"SWIMS.Controllers.html","topicHref":"SWIMS.Controllers.html","topicUid":"SWIMS.Controllers","type":"Namespace","items":[{"name":"HomeController","href":"SWIMS.Controllers.HomeController.html","topicHref":"SWIMS.Controllers.HomeController.html","topicUid":"SWIMS.Controllers.HomeController","type":"Class"},{"name":"rolesController","href":"SWIMS.Controllers.rolesController.html","topicHref":"SWIMS.Controllers.rolesController.html","topicUid":"SWIMS.Controllers.rolesController","type":"Class"},{"name":"usersController","href":"SWIMS.Controllers.usersController.html","topicHref":"SWIMS.Controllers.usersController.html","topicUid":"SWIMS.Controllers.usersController","type":"Class"}]},{"name":"SWIMS.Data","href":"SWIMS.Data.html","topicHref":"SWIMS.Data.html","topicUid":"SWIMS.Data","type":"Namespace","items":[{"name":"SeedData","href":"SWIMS.Data.SeedData.html","topicHref":"SWIMS.Data.SeedData.html","topicUid":"SWIMS.Data.SeedData","type":"Class"}]},{"name":"SWIMS.Helpers","href":"SWIMS.Helpers.html","topicHref":"SWIMS.Helpers.html","topicUid":"SWIMS.Helpers","type":"Namespace","items":[{"name":"IdentityExtensions","href":"SWIMS.Helpers.IdentityExtensions.html","topicHref":"SWIMS.Helpers.IdentityExtensions.html","topicUid":"SWIMS.Helpers.IdentityExtensions","type":"Class"}]},{"name":"SWIMS.Migrations","href":"SWIMS.Migrations.html","topicHref":"SWIMS.Migrations.html","topicUid":"SWIMS.Migrations","type":"Namespace","items":[{"name":"InitAfterLdapUpdate","href":"SWIMS.Migrations.InitAfterLdapUpdate.html","topicHref":"SWIMS.Migrations.InitAfterLdapUpdate.html","topicUid":"SWIMS.Migrations.InitAfterLdapUpdate","type":"Class"},{"name":"init","href":"SWIMS.Migrations.init.html","topicHref":"SWIMS.Migrations.init.html","topicUid":"SWIMS.Migrations.init","type":"Class"}]},{"name":"SWIMS.Models","href":"SWIMS.Models.html","topicHref":"SWIMS.Models.html","topicUid":"SWIMS.Models","type":"Namespace","items":[{"name":"ErrorViewModel","href":"SWIMS.Models.ErrorViewModel.html","topicHref":"SWIMS.Models.ErrorViewModel.html","topicUid":"SWIMS.Models.ErrorViewModel","type":"Class"},{"name":"LdapUser","href":"SWIMS.Models.LdapUser.html","topicHref":"SWIMS.Models.LdapUser.html","topicUid":"SWIMS.Models.LdapUser","type":"Class"},{"name":"SwRole","href":"SWIMS.Models.SwRole.html","topicHref":"SWIMS.Models.SwRole.html","topicUid":"SWIMS.Models.SwRole","type":"Class"},{"name":"SwUser","href":"SWIMS.Models.SwUser.html","topicHref":"SWIMS.Models.SwUser.html","topicUid":"SWIMS.Models.SwUser","type":"Class"},{"name":"SwimsIdentityDbContext","href":"SWIMS.Models.SwimsIdentityDbContext.html","topicHref":"SWIMS.Models.SwimsIdentityDbContext.html","topicUid":"SWIMS.Models.SwimsIdentityDbContext","type":"Class"},{"name":"UserWithRolesViewModel","href":"SWIMS.Models.UserWithRolesViewModel.html","topicHref":"SWIMS.Models.UserWithRolesViewModel.html","topicUid":"SWIMS.Models.UserWithRolesViewModel","type":"Class"}]},{"name":"SWIMS.Services","href":"SWIMS.Services.html","topicHref":"SWIMS.Services.html","topicUid":"SWIMS.Services","type":"Namespace","items":[{"name":"BcryptPasswordHasher","href":"SWIMS.Services.BcryptPasswordHasher.html","topicHref":"SWIMS.Services.BcryptPasswordHasher.html","topicUid":"SWIMS.Services.BcryptPasswordHasher","type":"Class"},{"name":"ILdapAuthService","href":"SWIMS.Services.ILdapAuthService.html","topicHref":"SWIMS.Services.ILdapAuthService.html","topicUid":"SWIMS.Services.ILdapAuthService","type":"Interface"},{"name":"LdapAuthService","href":"SWIMS.Services.LdapAuthService.html","topicHref":"SWIMS.Services.LdapAuthService.html","topicUid":"SWIMS.Services.LdapAuthService","type":"Class"}]}],"memberLayout":"SamePage","pdf":true}
